member_id,status,file,bytes,error
3792860990741169,ok,3792860990741169.jpg,18253,
3787108955784829,ok,3787108955784829.jpg,2736,
3785841386866689,ok,3785841386866689.jpg,14783,
3781478035557466,ok,3781478035557466.jpg,6906,
3777357987577849,ok,3777357987577849.jpg,16658,
3774291095729490,ok,3774291095729490.jpg,14405,
3772695548904489,ok,3772695548904489.jpg,14155,
3769737339921778,ok,3769737339921778.jpg,5947,
3759912887333833,ok,3759912887333833.jpg,13244,
3756984541829676,ok,3756984541829676.jpg,15647,
3755800070324706,ok,3755800070324706.jpg,15062,
3753786804392184,ok,3753786804392184.jpg,12673,
3753526069671479,ok,3753526069671479.jpg,17143,
3753599151184770,ok,3753599151184770.jpg,8699,
3747760814297360,ok,3747760814297360.jpg,16315,
3733640891183573,ok,3733640891183573.jpg,16655,
3724633824634318,ok,3724633824634318.jpg,14669,
3723478679800434,ok,3723478679800434.jpg,15601,
3723103423876445,ok,3723103423876445.jpg,12837,
3720514380690243,ok,3720514380690243.jpg,7877,
3707643739353298,ok,3707643739353298.jpg,15267,
3704543527980890,ok,3704543527980890.jpg,14766,
3700381905915074,ok,3700381905915074.jpg,14766,
3698850280382567,ok,3698850280382567.jpg,11965,
3698734953807262,ok,3698734953807262.jpg,15991,
3673157618198260,ok,3673157618198260.jpg,17379,
3669766154319126,ok,3669766154319126.jpg,7367,
3666888291440349,ok,3666888291440349.jpg,16193,
3659387231660099,ok,3659387231660099.jpg,13923,
3659263147382506,ok,3659263147382506.jpg,15931,
3640690668562030,ok,3640690668562030.jpg,12348,
3635205424974130,ok,3635205424974130.jpg,15274,
3633606824689898,ok,3633606824689898.jpg,15923,
3625099081708309,ok,3625099081708309.jpg,6216,
3618679649046919,ok,3618679649046919.jpg,17442,
3615923739692112,ok,3615923739692112.jpg,15258,
3611577970944797,ok,3611577970944797.jpg,7899,
3604865557792775,ok,3604865557792775.jpg,17382,
3604865557917677,ok,3604865557917677.jpg,13927,
3607335902202963,ok,3607335902202963.jpg,7472,
3603196979776799,ok,3603196979776799.jpg,8424,
3594009189099450,ok,3594009189099450.jpg,6984,
3588716682094783,ok,3588716682094783.jpg,6597,
3588612277472193,ok,3588612277472193.jpg,11979,
3584389653609032,ok,3584389653609032.jpg,13733,
3584389653649704,ok,3584389653649704.jpg,14267,
3584138481873178,ok,3584138481873178.jpg,15266,
3581504458987226,ok,3581504458987226.jpg,15478,
3577133994185083,ok,3577133994185083.jpg,13799,
3577134027734905,ok,3577134027734905.jpg,4641,
3575546349464305,ok,3575546349464305.jpg,17594,
3569630904446431,ok,3569630904446431.jpg,7750,
3561412920773878,ok,3561412920773878.jpg,11732,
3543400683581724,ok,3543400683581724.jpg,15050,
3530245534189949,ok,3530245534189949.jpg,15892,
3530387519836946,ok,3530387519836946.jpg,6988,
3523067117217798,ok,3523067117217798.jpg,13994,
3518726683592188,ok,3518726683592188.jpg,11063,
3513055531623808,ok,3513055531623808.jpg,14687,
3507368290330860,ok,3507368290330860.jpg,17690,
3503073725656507,ok,3503073725656507.jpg,12305,
3502805726406769,ok,3502805726406769.jpg,6656,
3499895869236106,ok,3499895869236106.jpg,16998,
3494061189744023,ok,3494061189744023.jpg,19434,
3492838415864305,ok,3492838415864305.jpg,11829,
3444954563761146,ok,3444954563761146.jpg,12575,
3429490651483040,ok,3429490651483040.jpg,14655,
3427976339944670,ok,3427976339944670.jpg,13236,
3427976339883868,ok,3427976339883868.jpg,17479,
3423495497785588,ok,3423495497785588.jpg,15613,
3410000995783541,ok,3410000995783541.jpg,12373,
3385318858924134,ok,3385318858924134.jpg,14351,
3385345249457688,ok,3385345249457688.jpg,10981,
3369594127974767,ok,3369594127974767.jpg,18027,
3358418690244824,ok,3358418690244824.jpg,16745,
3350553581771203,ok,3350553581771203.jpg,9513,
3342423393194028,ok,3342423393194028.jpg,15481,
3325985949387175,ok,3325985949387175.jpg,16056,
3319193659867721,ok,3319193659867721.jpg,4917,
3314403714380375,ok,3314403714380375.jpg,18798,
3300163548990075,ok,3300163548990075.jpg,14080,
3298332517252577,ok,3298332517252577.jpg,14245,
3298609257336304,ok,3298609257336304.jpg,17218,
3297575478902151,ok,3297575478902151.jpg,15222,
3295811119679954,ok,3295811119679954.jpg,5761,
3278507015300377,ok,3278507015300377.jpg,8379,
3272635509737297,ok,3272635509737297.jpg,17623,
3270059452182261,ok,3270059452182261.jpg,16152,
3262381426336101,ok,3262381426336101.jpg,7432,
3250816958525238,ok,3250816958525238.jpg,16353,
3240683872308717,ok,3240683872308717.jpg,8444,
3210576738838954,ok,3210576738838954.jpg,16750,
3205926564230457,ok,3205926564230457.jpg,15148,
3198939994676299,ok,3198939994676299.jpg,7323,
3180102653971963,ok,3180102653971963.jpg,7719,
3176545263408621,ok,3176545263408621.jpg,11070,
3164401964828460,ok,3164401964828460.jpg,14403,
3163564429361467,ok,3163564429361467.jpg,14862,
3158418471443009,ok,3158418471443009.jpg,15130,
3146482371402956,ok,3146482371402956.jpg,16218,
3146148941021274,ok,3146148941021274.jpg,20174,
3143473159616099,ok,3143473159616099.jpg,13183,
3142430203939329,ok,3142430203939329.jpg,7520,
3127321331154421,ok,3127321331154421.jpg,15008,
3107060393311750,ok,3107060393311750.jpg,16369,
3102870317179691,ok,3102870317179691.jpg,7719,
3091631042073583,ok,3091631042073583.jpg,14570,
3088505547357401,ok,3088505547357401.jpg,13398,
3084152379883940,ok,3084152379883940.jpg,8883,
3084216754175061,ok,3084216754175061.jpg,16616,
3076751195014181,ok,3076751195014181.jpg,13561,
3069674447839864,ok,3069674447839864.jpg,11256,
3057962810160794,ok,3057962810160794.jpg,18987,
3057962676047436,ok,3057962676047436.jpg,17654,
3042599963829497,ok,3042599963829497.jpg,14802,
3029282931196543,ok,3029282931196543.jpg,6600,
3019998587691355,ok,3019998587691355.jpg,12568,
3013377694173275,ok,3013377694173275.jpg,5434,
3009882563878025,ok,3009882563878025.jpg,11067,
3004442467760676,ok,3004442467760676.jpg,14891,
3004442350356100,ok,3004442350356100.jpg,16528,
3006111498702552,ok,3006111498702552.jpg,14978,
3001538247841615,ok,3001538247841615.jpg,16417,
2985280001347269,ok,2985280001347269.jpg,13969,
2970053755090959,ok,2970053755090959.jpg,16160,
2968180897710424,ok,2968180897710424.jpg,15178,
2965511877541246,ok,2965511877541246.jpg,8356,
2914838494410078,ok,2914838494410078.jpg,12391,
2914838511171737,ok,2914838511171737.jpg,12345,
2898940320640875,ok,2898940320640875.jpg,17442,
2888288902420281,ok,2888288902420281.jpg,15884,
2869751085402547,ok,2869751085402547.jpg,7501,
2859724719118970,ok,2859724719118970.jpg,18825,
2846144619735196,ok,2846144619735196.jpg,13218,
2843212130150497,ok,2843212130150497.jpg,17150,
2839521864107040,ok,2839521864107040.jpg,16862,
2827201884627681,ok,2827201884627681.jpg,16764,
2804034663207619,ok,2804034663207619.jpg,14705,
2789610736930344,ok,2789610736930344.jpg,14638,
2784069105080910,ok,2784069105080910.jpg,16293,
2757826469022963,ok,2757826469022963.jpg,15980,
2738070005352704,ok,2738070005352704.jpg,8309,
2713417111141940,ok,2713417111141940.jpg,16748,
2711678941283990,ok,2711678941283990.jpg,15807,
2701467841050878,ok,2701467841050878.jpg,15572,
2692967765204173,ok,2692967765204173.jpg,12297,
2688272476794663,ok,2688272476794663.jpg,13769,
2688272459997938,ok,2688272459997938.jpg,14310,
2688154415545216,ok,2688154415545216.jpg,11758,
2679570654964617,ok,2679570654964617.jpg,7881,
2672652385403574,ok,2672652385403574.jpg,14045,
2672259664317196,ok,2672259664317196.jpg,17406,
2670925791730502,ok,2670925791730502.jpg,12283,
2669472146680802,ok,2669472146680802.jpg,19106,
2668410450842100,ok,2668410450842100.jpg,13544,
2668410450902697,ok,2668410450902697.jpg,9041,
2666680552066603,ok,2666680552066603.jpg,15399,
2665173622523091,ok,2665173622523091.jpg,6006,
2627397774628746,ok,2627397774628746.jpg,8257,
2625878916479065,ok,2625878916479065.jpg,17714,
2620495510549669,ok,2620495510549669.jpg,17180,
2601288886563302,ok,2601288886563302.jpg,6441,
2568006060900172,ok,2568006060900172.jpg,13418,
2562407537489893,ok,2562407537489893.jpg,16394,
2559962157568197,ok,2559962157568197.jpg,8364,
2559962140776400,ok,2559962140776400.jpg,16448,
2557598096876748,ok,2557598096876748.jpg,20795,
2550491502939774,ok,2550491502939774.jpg,18664,
2541593370969099,ok,2541593370969099.jpg,8495,
2537822540645491,ok,2537822540645491.jpg,18944,
2529249232351165,ok,2529249232351165.jpg,15483,
2520027685798847,ok,2520027685798847.jpg,6766,
2518513642744272,ok,2518513642744272.jpg,5803,
2511531183539744,ok,2511531183539744.jpg,10800,
2507343439429514,ok,2507343439429514.jpg,12707,
2489926558551633,ok,2489926558551633.jpg,18011,
2491027747835815,ok,2491027747835815.jpg,7009,
2489926558587947,ok,2489926558587947.jpg,5033,
2488662294662918,ok,2488662294662918.jpg,14779,
2479807045201503,ok,2479807045201503.jpg,7511,
2478032888072459,ok,2478032888072459.jpg,11426,
2463778462095849,ok,2463778462095849.jpg,15508,
2331590827576814,ok,2331590827576814.jpg,14758,
2299899169910253,ok,2299899169910253.jpg,17129,
2228644689380164,ok,2228644689380164.jpg,13766,
2199885823223504,ok,2199885823223504.jpg,21036,
2190920783631771,ok,2190920783631771.jpg,17135,
2190920783666827,ok,2190920783666827.jpg,14726,
2190920783646710,ok,2190920783646710.jpg,16247,
2190920783676762,ok,2190920783676762.jpg,17387,
2190920783686795,ok,2190920783686795.jpg,7763,
2190920783586251,ok,2190920783586251.jpg,18824,
2190920783606297,ok,2190920783606297.jpg,6236,
2190920783581228,ok,2190920783581228.jpg,16899,
2190920783566246,ok,2190920783566246.jpg,10597,
2190920783641738,ok,2190920783641738.jpg,7081,
2190920783576228,ok,2190920783576228.jpg,13042,
2190920783596250,ok,2190920783596250.jpg,17499,
2190920783651772,ok,2190920783651772.jpg,15145,
2190920783611266,ok,2190920783611266.jpg,7156,
2190920783611265,ok,2190920783611265.jpg,7399,
2190920783606284,ok,2190920783606284.jpg,15392,
2190920783666806,ok,2190920783666806.jpg,7048,
2190920783601221,ok,2190920783601221.jpg,13313,
2190920783676735,ok,2190920783676735.jpg,13985,
2190920783581215,ok,2190920783581215.jpg,15540,
2190920783651768,ok,2190920783651768.jpg,17520,
2190920783611259,ok,2190920783611259.jpg,19207,
2190920783686743,ok,2190920783686743.jpg,14402,
2190920783616150,ok,2190920783616150.jpg,17652,
2190920783591232,ok,2190920783591232.jpg,5676,
2190189313720758,ok,2190189313720758.jpg,13456,
2190189313720716,ok,2190189313720716.jpg,6241,
2190189313720671,ok,2190189313720671.jpg,13318,
2190189313720631,ok,2190189313720631.jpg,14025,
2190189313720622,ok,2190189313720622.jpg,11846,
2190189313720565,ok,2190189313720565.jpg,13389,
2190189313720476,ok,2190189313720476.jpg,15576,
2190189313720427,ok,2190189313720427.jpg,15803,
2190189313720415,ok,2190189313720415.jpg,14849,
2190189313720397,ok,2190189313720397.jpg,16916,
